TIMESTAMP,RG_in_Avg,NET_Wm2_Avg,Temp_2m_Avg,UR_2m,WS_10m_Avg,WS_2m_Avg,G_solo_Avg,Tsolo_1cm_Avg,UV_in_Avg,Tsolo_5cm_Avg,Tsolo_10cm_Avg,Pressao_kPa_Avg,Temp_2m_Max,UR_2m_Max,WS_10m_Max,Temp_2m_Min,UR_2m_Min,RG_Total_Tot,Ppt_mm_Tot
2023-03-03,42.437,-9.555,24.578,76.819,1.151,0.398,-8.217,25.707,0.455,26.921,27.567,113.613,27.64,87.7,4.15,22.2,61.2,1.088,0.0
2023-03-04,273.986,171.904,26.255,72.406,1.474,0.947,7.126,28.558,3.519,28.006,27.795,117.593,32.55,93.5,6.6,20.58,47.8,23.673,0.0
2023-03-05,280.069,174.87,27.288,70.941,1.695,1.095,7.215,30.06,3.549,29.137,28.847,117.35,32.65,90.7,8.5,22.39,47.05,24.199,0.0
2023-03-06,282.682,175.165,27.542,70.096,1.427,0.964,7.454,31.326,3.563,30.093,29.72,116.914,33.82,92.0,7.2,22.01,44.17,24.42,0.0
2023-03-07,220.031,130.001,25.939,74.152,1.777,1.068,-1.082,29.818,2.928,29.134,29.176,117.178,31.51,89.6,9.4,21.58,55.54,19.01,0.0
2023-03-08,222.052,136.899,24.251,78.527,1.415,0.792,-7.353,28.594,2.855,28.0,28.328,117.41,32.41,93.7,10.6,20.26,47.09,19.187,29.46
2023-03-09,189.511,111.482,23.77,78.341,1.161,0.638,-2.731,26.95,2.654,27.095,27.414,117.587,30.65,92.9,8.35,19.93,51.5,16.271,0.508
2023-03-10,178.983,97.847,24.011,78.414,1.294,0.585,-7.287,25.677,2.41,25.948,26.464,117.52,30.78,93.2,5.3,19.08,52.79,15.463,30.732
2023-03-11,134.639,72.205,22.08,87.246,1.219,0.662,-8.822,25.148,1.902,25.526,25.99,117.503,30.81,95.4,6.4,19.78,54.12,11.632,13.208
2023-03-12,165.377,90.744,22.577,86.53,0.769,0.364,-1.22,25.178,2.331,25.393,25.712,117.46,28.74,95.7,6.25,19.35,61.61,14.29,7.112
2023-03-13,159.211,93.811,22.622,86.457,1.62,0.785,-1.464,25.385,2.309,25.619,25.944,117.474,28.55,94.5,8.6,20.53,60.25,13.756,20.574
2023-03-14,236.508,145.525,23.681,82.115,2.249,1.274,7.201,26.948,3.196,26.722,26.669,117.489,29.42,93.9,6.95,20.58,59.15,20.434,0.254
2023-03-15,257.198,160.028,24.504,77.388,1.846,1.084,8.922,27.665,3.384,27.303,27.228,117.486,30.65,93.7,7.9,20.39,50.59,22.223,0.0
2023-03-16,149.211,76.167,23.9,82.071,1.603,0.8,-4.623,26.389,2.038,26.444,26.736,117.302,30.32,91.4,5.85,21.34,56.76,12.892,1.27
2023-03-17,126.286,66.262,22.947,84.261,2.38,1.362,-6.59,25.359,1.863,25.651,26.104,117.389,29.7,92.9,9.65,20.93,56.53,10.91,11.934
2023-03-18,153.5,83.112,23.09,81.009,3.013,1.822,-3.832,25.153,2.315,25.268,25.592,117.614,27.74,89.8,7.65,20.67,57.7,13.262,0.254
2023-03-19,195.955,120.253,24.387,73.738,2.264,1.285,-0.259,25.901,2.711,25.789,25.928,117.574,30.32,89.7,7.95,20.81,50.89,16.93,0.0
2023-03-20,260.302,151.859,24.991,67.97,3.029,1.803,0.075,26.929,3.337,26.505,26.497,117.592,31.03,90.4,8.5,19.73,47.43,22.491,0.0
2023-03-21,243.433,130.107,25.34,66.842,2.515,1.444,-0.719,27.395,3.149,26.776,26.758,117.77,30.75,83.9,6.85,20.3,46.1,21.033,0.0
2023-03-22,231.56,133.838,26.016,67.792,2.115,1.12,1.794,28.45,3.05,27.502,27.316,117.965,33.69,89.5,10.4,21.99,41.76,20.007,2.032
2023-03-23,236.626,141.317,26.151,72.258,1.304,0.728,1.936,28.156,3.084,27.792,27.694,118.031,33.12,94.3,6.35,20.49,42.4,20.445,1.016
2023-03-24,177.205,89.288,24.981,75.399,1.054,0.553,-2.64,26.354,2.348,26.325,26.688,118.055,30.46,87.2,4.9,21.58,53.4,15.311,0.0
2023-03-25,160.748,85.938,24.791,76.297,1.373,0.653,-3.426,26.461,2.17,26.206,26.41,117.904,33.17,92.2,7.35,20.25,42.57,13.889,7.874
2023-03-26,155.679,76.669,24.831,76.853,1.409,0.568,-2.204,26.317,2.105,26.263,26.452,118.02,32.77,90.4,6.5,21.29,45.89,13.452,9.652
2023-03-27,278.234,169.644,26.374,69.601,1.499,0.813,3.712,27.617,3.459,27.203,27.081,117.739,33.77,92.5,6.15,20.58,34.31,24.04,0.0
2023-03-28,296.094,180.842,28.252,61.072,1.46,0.821,6.195,29.404,3.686,28.569,28.177,117.575,34.52,90.8,5.0,21.39,34.14,22.518,0.0
2023-03-29,275.314,163.882,27.167,64.241,1.849,0.974,1.668,28.992,3.314,28.132,27.998,117.663,34.51,84.6,9.95,22.48,38.08,23.787,0.0
2023-03-30,175.293,94.562,25.135,72.856,1.132,0.536,-5.98,25.825,2.271,25.722,26.172,117.986,32.49,88.1,13.2,20.51,48.35,15.145,39.872
2023-03-31,179.92,102.41,23.987,79.25,1.282,0.688,-5.351,24.979,2.303,24.868,25.16,118.039,33.38,94.8,14.7,19.8,42.63,15.545,80.516
2023-04-01,281.698,162.768,25.069,68.788,1.677,0.863,0.771,25.789,3.431,25.349,25.17,117.786,32.55,95.4,7.35,18.6,33.85,24.339,0.0
2023-04-02,259.218,145.028,26.235,62.531,1.242,0.468,-0.034,26.166,3.203,25.888,25.871,117.589,33.69,91.0,4.9,19.17,30.69,22.398,0.0
2023-04-03,217.445,118.571,25.851,63.149,1.291,0.62,-0.766,26.413,2.734,26.114,26.171,117.556,31.98,80.4,7.85,21.01,41.77,18.787,0.0
2023-04-04,244.219,132.583,26.336,62.702,1.954,1.195,0.402,27.108,3.03,26.513,26.468,117.391,33.6,85.4,6.85,21.85,32.25,21.1,0.508
2023-04-05,77.272,29.792,23.955,76.1,1.765,1.012,-5.52,24.513,1.168,24.869,25.414,117.407,27.65,89.1,5.45,21.34,61.73,6.676,0.0
2023-04-06,147.701,80.64,22.585,82.142,1.155,0.628,-2.763,24.584,2.054,24.763,25.092,117.445,30.36,94.3,9.1,19.58,52.83,12.761,7.62
2023-04-07,164.25,92.987,22.595,83.601,0.875,0.522,-1.993,24.717,2.218,24.769,25.042,117.608,27.83,95.6,5.85,18.84,60.86,14.191,0.254
2023-04-08,136.899,77.947,23.245,82.173,0.841,0.547,-1.474,24.675,1.903,24.724,25.015,117.899,27.98,94.9,4.5,20.58,59.67,11.828,3.302
2023-04-09,211.718,118.5,24.057,75.674,1.487,0.726,-1.482,25.214,2.7,25.144,25.31,118.028,30.31,95.4,5.7,18.98,52.1,18.292,1.27
2023-04-10,184.896,93.998,24.223,77.423,1.65,0.852,-1.855,25.182,2.429,25.151,25.358,118.125,30.65,94.3,5.2,19.35,49.38,15.975,9.398
2023-04-11,213.642,120.86,24.972,70.958,2.17,1.278,-0.096,25.595,2.695,25.466,25.586,117.691,31.51,85.2,6.65,20.82,45.46,18.459,0.0
2023-04-12,169.333,96.874,24.604,75.652,1.541,0.86,-0.815,25.32,2.121,25.354,25.608,117.444,30.87,89.5,7.3,21.01,52.37,14.63,0.0
2023-04-13,215.254,123.963,25.215,72.506,1.854,1.15,1.498,25.855,2.777,25.638,25.747,117.136,31.13,93.1,8.3,20.39,49.67,18.597,2.286
2023-04-14,219.244,129.877,22.823,83.878,1.612,1.023,-1.765,25.351,2.767,25.396,25.653,117.484,29.21,94.0,7.45,18.59,58.21,18.943,17.018
2023-04-15,110.359,57.068,23.571,82.42,0.586,0.168,-4.887,24.239,1.578,24.489,24.931,117.793,28.69,95.3,3.0,19.73,61.44,9.535,0.0
2023-04-16,214.286,128.247,25.893,74.512,1.652,0.894,1.154,25.807,2.723,25.555,25.586,117.474,32.17,92.6,6.5,21.25,48.79,18.513,0.0
2023-04-17,189.49,109.807,25.292,77.098,1.859,1.216,0.623,25.418,2.488,25.418,25.651,116.713,30.56,93.3,7.2,21.72,57.45,16.372,6.604
2023-04-18,34.91,2.792,22.355,88.862,2.518,1.626,-8.805,23.34,0.553,23.848,24.479,116.422,25.02,95.0,9.05,17.68,78.76,3.016,52.324
2023-04-19,213.612,98.701,19.553,72.814,1.645,0.908,-11.067,21.974,2.633,22.575,23.153,117.615,25.29,94.9,5.75,13.73,34.51,18.456,0.0
2023-04-20,247.892,121.864,18.933,64.958,1.377,0.706,-12.513,20.439,2.961,21.073,21.813,118.219,25.89,89.4,6.5,12.73,37.83,21.416,0.0
2023-04-21,255.944,125.585,20.073,62.61,2.359,1.262,-8.566,20.733,3.006,21.163,21.723,117.845,26.65,80.1,6.2,15.01,41.33,22.116,0.0
2023-04-22,240.235,118.944,22.106,59.503,1.984,1.199,-4.59,21.826,2.833,21.821,22.098,117.936,29.84,74.3,5.7,16.41,39.04,20.757,0.0
2023-04-23,167.904,88.852,22.934,72.075,1.521,0.799,-1.253,23.102,2.161,22.783,22.878,117.965,30.03,89.2,5.95,16.94,50.11,14.507,0.0
2023-04-24,190.301,108.282,23.759,75.755,2.585,1.647,1.68,24.284,2.43,23.964,23.966,118.082,29.85,92.8,7.15,19.96,53.85,16.442,0.508
2023-04-25,180.189,103.592,23.065,80.547,2.792,1.625,-0.741,23.806,2.346,23.781,23.941,118.035,29.17,93.9,8.0,19.53,56.51,15.569,10.922
2023-04-26,106.873,53.346,21.434,87.284,0.922,0.439,-3.957,22.603,1.46,22.908,23.311,117.998,26.13,95.1,4.5,18.84,67.11,9.234,24.132
2023-04-27,171.163,92.931,22.044,81.522,1.313,0.773,-0.891,22.975,2.248,23.244,23.537,117.849,27.55,95.5,6.4,17.98,58.69,14.788,0.0
2023-04-28,214.453,110.198,21.363,76.217,1.164,0.602,-6.712,21.763,2.602,22.158,22.642,117.946,27.98,93.9,6.0,16.27,48.63,18.528,0.0
2023-04-29,224.53,121.591,23.588,69.331,1.392,0.654,-2.452,22.675,2.715,22.634,22.823,117.939,30.41,93.2,4.95,16.51,43.49,19.399,0.0
2023-04-30,233.752,128.963,25.187,66.551,2.552,1.537,1.158,23.988,2.831,23.697,23.719,117.87,31.74,82.5,7.05,20.2,42.51,20.196,0.0
2023-05-01,125.222,62.188,23.66,75.575,2.219,1.193,-2.221,23.699,1.713,23.675,23.884,117.952,29.54,91.8,6.25,20.06,54.47,10.819,3.302
2023-05-02,161.983,95.561,24.455,67.618,2.035,1.117,-1.371,23.098,2.109,23.157,23.454,117.753,30.14,87.5,6.35,20.68,32.93,13.995,0.0
2023-05-03,184.188,109.816,23.952,80.657,1.004,0.602,1.716,23.854,2.332,23.812,23.969,117.858,29.12,94.9,5.65,20.29,57.11,15.914,0.0
2023-05-04,166.796,94.676,24.131,75.152,0.955,0.473,-2.358,23.758,2.116,23.706,23.918,118.044,31.03,95.7,5.0,18.98,43.46,14.411,0.0
2023-05-05,209.812,114.59,25.094,63.193,1.986,1.115,-2.941,23.796,2.535,23.723,23.959,118.214,31.46,83.8,6.75,20.5,38.88,18.128,0.0
2023-05-06,153.719,79.755,24.804,69.49,1.785,0.898,-3.084,23.46,1.89,23.341,23.595,118.139,31.44,93.0,7.25,19.65,43.71,13.281,1.27
2023-05-07,189.261,108.569,24.941,66.703,1.369,0.779,-0.812,23.612,2.362,23.648,23.878,117.959,31.41,87.5,7.35,20.39,41.15,16.352,0.0
2023-05-08,131.574,73.046,24.17,77.231,1.129,0.577,-1.938,23.622,1.709,23.517,23.744,118.264,30.94,93.5,5.15,20.02,44.88,11.368,11.174
2023-05-09,112.668,59.369,22.809,85.522,1.65,0.913,-3.691,23.297,1.549,23.474,23.805,118.382,28.74,94.6,11.75,19.52,58.35,9.735,30.736
2023-05-10,184.537,104.729,23.28,80.724,1.429,0.786,-0.73,23.106,2.272,23.191,23.418,118.234,29.56,95.4,5.6,19.55,54.73,15.944,0.254
2023-05-11,193.104,89.745,20.336,64.183,1.478,0.706,-9.914,21.188,2.35,21.988,22.697,118.124,26.84,90.0,4.3,14.3,35.05,16.684,0.0
2023-05-12,206.261,91.991,17.888,58.137,1.498,0.674,-15.492,18.598,2.449,19.576,20.555,118.363,25.36,79.48,5.5,12.12,28.46,17.822,0.0
2023-05-13,225.372,105.198,18.45,52.844,1.378,0.512,-13.621,17.89,2.569,18.671,19.54,118.473,26.98,78.31,5.55,11.33,24.79,19.472,0.0
2023-05-14,224.393,105.34,20.001,54.893,1.351,0.504,-9.863,18.148,2.534,18.617,19.244,118.72,28.58,80.0,5.6,12.54,26.69,19.388,0.0
2023-05-15,226.024,99.691,20.5,53.226,1.86,0.778,-7.943,18.618,2.53,18.959,19.479,118.76,27.83,67.46,6.15,16.23,29.75,19.528,0.0
2023-05-16,225.951,98.846,20.065,52.835,1.854,0.748,-9.305,17.931,2.52,18.384,18.969,118.429,27.45,85.2,7.05,11.94,29.48,19.522,0.0
2023-05-17,224.489,94.998,20.889,48.497,1.914,1.037,-7.755,18.202,2.478,18.491,18.956,118.175,28.41,71.54,7.05,13.4,26.46,19.396,0.0
2023-05-18,216.343,91.742,21.693,53.493,1.977,1.056,-4.023,19.302,2.412,19.308,19.553,118.494,29.89,73.01,6.1,16.32,27.97,18.692,0.0
2023-05-19,218.168,92.354,22.389,50.581,2.04,0.992,-3.86,19.582,2.443,19.587,19.859,118.2,29.94,69.21,6.1,16.98,22.54,18.85,0.0
2023-05-20,213.882,95.573,23.035,48.861,2.256,1.138,-3.214,19.924,2.406,19.849,20.112,118.06,29.76,60.3,6.3,18.31,28.02,18.48,0.0
2023-05-21,157.427,70.446,22.978,49.556,2.196,0.997,-3.931,19.799,1.92,19.781,20.107,117.622,29.45,62.99,7.2,17.7,31.55,13.601,0.0
2023-05-22,127.725,64.191,23.732,50.163,2.182,1.099,-1.432,20.529,1.649,20.316,20.521,117.896,29.31,66.4,6.45,19.44,35.52,11.035,0.0
2023-05-23,208.329,102.901,23.583,50.135,2.46,1.344,-1.542,20.652,2.357,20.552,20.818,118.282,29.44,64.58,8.0,19.84,35.08,17.999,0.0
2023-05-24,207.059,90.893,23.295,50.725,3.179,1.881,-3.507,20.392,2.359,20.271,20.596,117.935,29.54,66.58,10.7,19.12,32.13,17.89,0.0
2023-05-25,186.023,88.414,23.908,56.429,2.681,1.527,-0.797,21.109,2.181,20.749,20.9,117.979,30.69,70.14,8.0,18.6,37.87,16.072,0.0
2023-05-26,194.385,97.909,25.111,55.999,2.87,1.631,1.416,22.014,2.265,21.579,21.633,117.932,31.13,76.61,7.95,20.63,38.3,16.795,0.0
2023-05-27,192.593,107.927,25.285,60.188,1.704,0.869,2.243,22.201,2.258,21.806,21.895,118.095,31.32,78.89,6.95,20.03,39.55,16.64,0.0
2023-05-28,15.122,-11.895,18.767,88.356,2.227,1.186,-10.69,19.488,0.275,20.125,20.846,118.347,24.19,94.9,8.65,16.89,68.92,1.307,26.162
2023-05-29,105.907,65.356,20.173,82.888,1.758,0.786,-1.031,20.347,1.468,20.37,20.641,118.28,23.5,92.6,5.95,17.65,67.67,9.15,0.0
2023-05-30,28.57,0.664,18.924,89.639,1.807,0.764,-6.482,19.743,0.506,20.141,20.663,118.336,20.49,93.1,5.5,17.65,83.6,1.17,5.08
2023-05-31,127.042,82.113,19.738,78.997,1.021,0.463,1.052,19.977,1.854,19.983,20.225,118.713,21.83,90.8,3.85,17.46,66.11,6.002,0.0
2023-06-01,220.668,112.462,21.061,71.778,1.808,0.862,-0.462,20.338,2.785,20.283,20.459,118.721,25.71,86.4,6.8,17.41,52.27,13.443,0.0
2023-06-02,194.242,80.69,20.509,71.056,2.449,1.354,-3.036,19.785,2.232,19.952,20.279,118.34,26.65,88.9,7.1,16.27,46.26,16.416,0.0
2023-06-03,205.875,87.494,21.23,65.289,2.062,1.028,-3.455,19.881,2.324,20.052,20.388,118.208,28.22,82.5,5.5,16.22,38.38,17.788,0.0
2023-06-04,206.187,91.014,22.205,58.195,1.486,0.642,-4.639,19.741,2.325,19.986,20.369,118.607,30.51,79.51,4.3,16.7,27.17,17.815,0.0
2023-06-05,200.551,92.046,22.042,55.85,1.665,0.689,-4.923,19.349,2.286,19.566,19.994,118.638,29.6,74.81,5.3,17.32,30.96,17.327,0.0
2023-06-06,201.798,83.321,20.717,57.322,2.156,1.092,-6.031,18.992,2.258,19.229,19.704,118.418,27.07,82.3,6.9,14.11,35.22,17.435,0.0
2023-06-07,203.785,87.794,20.937,58.315,1.816,0.898,-5.696,18.909,2.272,19.16,19.621,118.562,29.53,81.0,6.55,15.4,26.65,17.607,0.0
2023-06-08,202.185,89.818,21.411,51.674,1.618,0.683,-6.64,18.389,2.26,18.676,19.196,118.484,29.65,81.3,5.35,14.92,27.81,17.469,0.0
2023-06-09,200.319,95.071,22.775,51.772,1.854,0.773,-3.771,18.788,2.264,18.799,19.164,118.214,30.65,75.74,6.95,16.82,24.38,17.308,0.0
2023-06-10,196.912,93.463,24.67,49.875,2.068,0.945,-0.632,19.973,2.236,19.706,19.866,118.082,31.74,75.7,5.4,17.98,24.78,17.013,0.0
2023-06-11,194.074,101.266,24.67,56.894,1.836,0.934,0.948,20.504,2.225,20.189,20.333,117.961,31.32,91.7,7.25,17.65,31.65,16.768,0.254
2023-06-12,37.511,12.187,17.177,94.015,1.683,1.07,-4.428,19.381,0.611,19.831,20.328,118.393,21.06,95.7,5.45,13.63,88.7,3.241,18.796
2023-06-13,18.974,0.88,9.941,93.647,1.655,0.9,-22.263,14.683,0.353,16.045,17.323,119.03,14.16,95.0,5.2,8.57,91.2,1.64,55.118
2023-06-14,22.897,5.278,8.172,93.435,1.051,0.722,-16.453,12.684,0.406,13.8,14.961,119.044,9.52,95.1,4.5,7.238,89.6,1.978,18.542
2023-06-15,103.039,38.759,9.498,87.115,0.731,0.519,-12.262,12.283,1.224,13.306,14.286,118.979,15.54,95.2,3.55,5.839,60.63,8.902,3.302
2023-06-16,177.733,81.701,11.841,78.343,1.533,0.827,-8.265,12.625,2.06,13.359,13.758,119.054,18.42,95.0,5.9,5.934,52.77,15.356,0.254
2023-06-17,201.736,83.798,13.361,73.568,2.025,1.093,-5.166,14.042,2.26,14.955,14.861,119.235,19.93,89.0,6.1,9.05,50.01,17.43,0.0
2023-06-18,204.875,82.783,14.365,70.274,1.351,0.486,-7.419,13.774,2.269,14.901,14.783,119.03,23.1,92.3,5.2,7.817,33.49,17.701,0.0
2023-06-19,205.69,78.389,17.758,62.828,2.355,1.202,-2.746,15.252,2.274,15.682,15.434,118.74,25.51,88.3,7.95,10.76,39.33,17.772,0.0
2023-06-20,198.473,83.923,20.07,58.902,1.845,0.841,-0.05,16.545,2.236,16.795,16.548,118.592,28.87,88.8,6.4,12.21,26.08,17.148,0.0
2023-06-21,167.298,81.402,22.649,49.937,2.065,0.92,2.36,17.732,2.005,17.711,17.398,118.144,30.45,70.33,6.35,15.75,26.22,14.455,0.0
2023-06-22,190.823,101.19,23.433,51.882,1.774,0.825,4.788,18.696,2.197,18.599,18.396,118.044,30.77,75.49,8.1,17.37,29.51,16.487,0.0
2023-06-23,191.794,94.248,23.258,53.33,1.969,0.872,1.825,18.426,2.201,18.528,18.438,117.978,30.16,74.05,7.25,17.0,28.39,16.571,0.0
2023-06-24,195.989,93.582,23.002,52.712,1.967,0.792,-0.017,18.438,2.225,18.565,18.507,118.111,30.21,74.66,7.2,16.35,32.94,16.933,0.0
2023-06-25,196.467,92.223,22.92,54.175,1.647,0.67,0.073,18.657,2.203,18.743,18.69,118.479,30.38,75.7,5.75,16.99,29.51,16.974,0.0
2023-06-26,199.817,79.903,22.609,49.423,2.295,1.136,-1.332,18.896,2.225,18.941,18.915,118.416,29.55,65.88,6.45,17.55,26.76,17.264,0.0
2023-06-27,199.488,82.964,22.048,52.649,2.357,1.213,-1.768,18.727,2.225,18.874,18.897,118.256,29.45,74.57,8.4,16.73,31.31,17.236,0.0
2023-06-28,194.877,95.976,21.991,59.743,1.263,0.61,-0.204,18.345,2.194,18.632,18.617,118.724,30.28,84.7,5.45,14.4,33.21,16.838,0.0
2023-06-29,195.918,91.813,21.617,58.682,1.833,0.65,-2.587,18.249,2.212,18.564,18.533,118.881,28.22,83.0,5.55,15.21,34.71,16.927,0.0
2023-06-30,190.281,84.124,21.574,58.384,1.996,0.927,-1.592,18.714,2.129,18.847,18.793,118.932,28.03,74.46,7.95,16.34,37.63,16.44,0.0
2023-07-01,195.785,85.464,21.415,60.139,1.768,0.829,-1.099,18.962,2.175,19.096,19.056,118.709,28.97,80.3,6.65,16.11,33.69,16.916,0.0
2023-07-02,198.799,84.875,21.589,55.845,2.337,1.089,-2.461,18.638,2.217,18.841,18.861,118.302,28.36,72.95,8.5,16.95,30.23,17.176,0.0
2023-07-03,195.987,77.295,21.488,53.577,3.098,1.735,-2.206,18.876,2.194,18.907,18.888,118.484,27.64,65.81,9.25,17.36,36.1,16.933,0.0
2023-07-04,199.966,76.62,20.675,55.777,2.968,1.711,-2.998,18.714,2.207,18.811,18.857,118.395,27.55,71.85,8.3,15.35,32.54,17.277,0.0
2023-07-05,198.312,79.634,22.4,49.546,2.416,1.322,-1.329,19.103,2.208,19.085,19.082,118.355,30.27,65.67,7.25,17.32,23.97,17.134,0.0
2023-07-06,188.649,88.055,23.434,46.11,2.5,1.326,0.43,19.529,2.17,19.3,19.237,117.952,30.66,59.27,7.55,18.03,24.86,16.128,0.0
2023-07-07,157.578,71.182,23.486,49.779,2.267,1.135,-1.242,19.817,1.853,19.728,19.717,117.778,29.96,68.25,8.5,18.46,31.65,13.615,0.0
2023-07-08,127.106,57.05,24.409,48.926,2.721,1.456,-0.328,20.263,1.588,19.913,19.873,117.764,29.36,62.25,9.55,20.08,36.07,10.982,0.0
2023-07-09,103.538,43.265,24.005,57.405,1.237,0.473,0.549,20.687,1.305,20.467,20.441,117.935,29.55,79.03,5.25,19.22,38.38,8.946,0.0
2023-07-10,186.123,84.58,24.982,54.209,1.927,1.061,0.493,21.14,2.153,20.666,20.6,117.872,32.17,80.2,6.8,18.79,28.86,16.081,0.0
2023-07-11,146.766,64.508,24.837,52.835,1.557,0.781,-0.095,21.163,1.797,20.86,20.909,117.623,32.36,77.77,6.7,18.98,28.76,12.681,0.0
2023-07-12,179.817,79.88,25.572,43.622,3.131,1.781,-0.948,21.192,2.1,20.684,20.74,117.041,31.16,67.98,10.8,18.55,28.32,15.536,0.0
2023-07-13,63.37,8.246,15.238,81.08,2.797,1.886,-11.243,18.596,0.886,19.355,20.006,118.167,25.04,91.1,7.5,9.1,47.57,5.475,4.572
2023-07-14,211.438,87.166,11.881,68.574,2.397,1.42,-16.008,15.7,2.343,16.751,17.63,118.674,18.52,87.6,8.75,7.295,41.52,18.268,0.0
2023-07-15,179.695,71.696,17.838,51.175,2.412,1.395,-6.418,16.484,2.13,16.69,17.102,118.163,26.31,72.27,8.3,10.08,22.55,15.526,0.0
2023-07-16,113.969,48.873,21.435,57.259,1.59,0.891,0.025,18.595,1.54,18.464,18.544,118.212,28.03,85.7,5.15,16.95,40.55,9.847,0.0
2023-07-17,175.782,82.534,22.568,64.642,1.973,1.12,1.964,20.071,2.106,19.584,19.509,118.448,29.66,88.4,7.05,15.56,38.92,15.187,0.0
2023-07-18,160.538,73.291,18.699,76.176,2.256,1.49,-2.298,20.062,1.93,19.941,20.055,119.111,27.36,92.5,6.9,14.43,50.63,13.871,0.0
2023-07-19,187.346,86.312,20.548,68.155,2.351,1.181,-1.404,20.148,2.163,19.851,19.947,119.387,29.02,85.6,7.05,12.92,45.85,16.187,0.0
2023-07-20,180.831,78.62,22.94,63.679,4.144,2.598,0.769,20.94,2.074,20.476,20.492,119.07,30.02,82.3,10.0,17.22,41.19,15.624,0.0
2023-07-21,202.018,86.119,24.476,53.956,3.6,2.257,1.124,21.673,2.296,21.116,21.098,118.837,31.41,78.21,9.45,19.27,30.22,17.454,0.0
2023-07-22,204.187,87.909,23.885,50.745,3.48,2.119,-1.025,21.281,2.335,20.837,20.963,118.555,30.58,67.71,9.8,18.93,32.12,17.642,0.0
2023-07-23,193.255,87.148,24.025,47.496,1.638,0.927,-0.844,21.339,2.252,20.845,20.934,118.915,31.13,71.62,6.6,16.89,27.09,16.697,0.0
2023-07-24,187.646,88.035,24.335,44.581,2.354,1.299,-1.418,21.389,2.208,20.901,21.015,118.799,31.13,58.12,7.2,19.88,26.48,16.213,0.0
2023-07-25,193.699,85.684,24.268,40.875,2.1,1.167,-2.685,21.046,2.237,20.689,20.872,118.181,31.84,60.47,7.85,18.51,24.82,16.736,0.0
2023-07-26,199.529,95.28,24.321,45.923,1.689,0.886,-2.236,20.927,2.321,20.463,20.626,118.193,32.55,67.05,7.8,16.49,23.73,17.239,0.0
2023-07-27,180.105,88.533,24.419,52.146,1.77,0.938,-0.003,21.767,2.15,21.092,21.084,118.42,31.84,69.55,7.4,18.41,28.19,15.561,0.0
2023-07-28,130.831,50.855,23.591,57.802,2.123,1.268,-1.23,21.72,1.619,21.331,21.423,118.927,31.93,82.3,6.4,17.84,25.22,11.304,0.0
2023-07-29,209.736,102.751,21.137,68.241,1.99,1.115,-2.497,21.663,2.436,21.238,21.319,119.013,28.07,89.7,6.75,15.63,45.51,18.121,0.0
2023-07-30,206.752,95.609,23.18,60.133,2.068,1.236,-0.991,21.933,2.379,21.399,21.447,118.831,31.94,86.2,7.8,16.7,24.45,17.863,0.0
2023-07-31,213.835,97.246,24.856,49.074,2.395,1.39,-0.594,22.529,2.438,21.876,21.867,119.077,31.79,68.73,7.35,19.79,26.21,18.475,0.0
2023-08-01,218.413,95.319,25.007,43.746,2.34,1.383,-1.905,22.356,2.477,21.772,21.841,118.847,31.65,56.36,7.4,19.93,27.7,18.871,0.0
2023-08-02,219.704,97.52,25.466,40.19,2.3,1.369,-1.67,22.339,2.485,21.697,21.771,118.64,33.03,52.28,6.65,19.98,22.64,18.983,0.0
2023-08-03,217.751,98.311,25.654,39.756,1.834,0.994,-1.858,22.465,2.431,21.806,21.853,118.556,33.41,61.18,5.35,18.89,21.8,18.814,0.0
2023-08-04,220.172,99.853,25.685,38.318,1.796,0.926,-2.709,22.344,2.471,21.68,21.751,118.41,32.46,60.78,6.15,18.51,23.6,19.023,0.0
2023-08-05,220.589,95.564,25.892,38.222,2.631,1.548,-1.5,22.585,2.481,21.814,21.844,118.425,32.55,52.95,7.85,19.64,24.51,19.059,0.0
2023-08-06,219.288,99.166,27.012,36.508,2.578,1.563,-0.422,23.15,2.461,22.248,22.211,118.08,34.92,49.69,7.35,21.07,20.71,18.946,0.0
2023-08-07,208.707,106.336,26.987,41.467,1.591,0.898,-0.416,23.059,2.29,22.237,22.254,118.385,34.41,60.43,7.45,19.17,25.63,18.033,0.0
2023-08-08,199.416,100.945,26.294,51.327,2.032,1.206,1.448,23.915,2.243,22.915,22.775,118.42,33.69,72.2,6.35,19.51,31.0,17.23,0.0
2023-08-09,207.212,102.56,25.113,54.707,1.861,1.202,0.209,23.954,2.321,23.179,23.148,118.125,33.5,76.52,7.7,18.51,29.81,17.904,0.0
2023-08-10,220.773,111.124,27.987,41.315,2.529,1.307,-0.488,23.925,2.483,23.069,23.079,117.562,36.09,72.57,9.5,20.31,19.35,19.075,0.0
2023-08-11,211.865,105.299,28.029,40.008,2.414,1.373,-0.46,23.912,2.391,23.029,23.041,117.801,34.6,63.43,10.2,22.45,26.89,18.305,0.0
2023-08-12,174.133,87.003,25.931,54.887,2.976,1.812,-0.554,23.871,2.05,23.117,23.139,118.174,34.21,79.22,10.25,19.88,30.69,15.045,0.0
2023-08-13,59.289,19.754,19.612,79.602,2.303,1.607,-6.395,21.342,0.893,21.613,22.106,118.687,21.98,89.3,7.55,17.6,62.34,5.123,0.0
2023-08-14,73.54,27.997,21.335,68.971,2.079,1.053,-3.347,20.938,1.087,20.945,21.304,118.557,26.15,84.4,6.4,17.14,52.69,6.354,0.0
2023-08-15,125.687,58.281,23.984,59.476,3.107,1.978,-0.101,22.074,1.644,21.614,21.728,118.22,30.45,70.25,9.05,19.93,38.51,10.859,0.0
2023-08-16,215.966,98.812,26.677,41.775,3.66,2.454,0.475,23.205,2.515,22.441,22.461,118.008,33.12,69.74,8.9,22.15,20.78,18.659,0.0
2023-08-17,233.752,110.901,26.442,37.571,2.803,1.794,-0.428,23.578,2.684,22.659,22.67,117.643,33.45,51.39,8.4,20.69,22.0,20.196,0.0
2023-08-18,218.274,109.275,26.372,43.574,3.559,2.256,-3.059,23.436,2.49,22.544,22.602,116.998,33.74,94.0,15.45,16.24,26.62,18.858,20.066
2023-08-19,135.811,64.898,19.616,75.628,1.947,1.288,-5.748,20.818,1.772,21.182,21.678,117.365,24.67,94.3,9.5,16.34,55.48,11.734,4.826
2023-08-20,153.423,73.166,21.167,72.067,1.818,1.099,-3.179,20.843,1.878,20.918,21.256,117.183,29.17,92.2,8.15,16.54,40.69,13.256,6.604
2023-08-21,215.709,125.493,23.968,65.669,2.221,1.324,1.861,22.264,2.52,22.072,22.13,117.293,30.75,88.3,8.6,17.46,40.84,18.637,0.0
2023-08-22,232.589,121.398,27.554,51.007,2.905,1.781,1.838,23.031,2.623,22.785,22.822,116.834,34.55,76.89,9.65,21.65,29.91,20.095,0.0
2023-08-23,221.67,115.39,28.414,45.203,2.934,1.685,0.828,23.263,2.493,22.973,23.056,116.692,34.36,59.52,9.7,22.45,29.06,19.152,0.0
2023-08-24,211.085,102.4,28.188,45.171,2.819,1.616,-0.411,23.609,2.31,23.355,23.484,116.964,34.07,62.87,12.4,24.1,19.22,18.238,0.0
2023-08-25,218.174,109.584,27.719,49.873,2.854,1.872,0.578,24.027,2.394,23.452,23.504,117.161,34.26,77.04,8.45,22.34,28.11,18.85,0.0
2023-08-26,58.786,26.341,20.154,84.015,2.093,1.447,-6.792,21.96,0.804,22.361,22.857,117.763,23.13,93.0,5.9,17.65,69.18,5.079,3.048
2023-08-27,74.099,36.747,18.415,83.779,2.305,1.201,-7.0,20.617,1.069,21.168,21.749,118.251,21.72,92.3,6.4,16.38,72.8,6.402,0.0
2023-08-28,239.363,133.563,20.121,67.625,3.049,1.931,-3.826,20.962,2.827,21.082,21.413,118.218,26.74,86.2,8.9,14.26,46.09,20.681,0.0
2023-08-29,192.318,103.336,24.004,59.683,2.697,1.748,0.703,22.511,2.349,22.133,22.214,118.16,30.69,76.28,7.65,18.27,40.96,16.616,0.0
2023-08-30,212.376,118.169,26.066,60.064,2.512,1.68,3.175,24.009,2.47,23.317,23.248,117.692,33.31,74.49,7.5,20.45,36.84,18.349,0.0
2023-08-31,178.718,95.961,23.694,71.508,3.199,2.061,-1.761,23.233,2.107,23.13,23.392,117.905,33.31,93.9,14.65,18.26,44.37,15.441,24.126
2023-09-01,238.009,141.9,26.653,57.153,3.108,2.034,2.642,23.679,2.873,23.33,23.306,117.443,34.02,79.1,8.65,19.41,40.06,20.566,0.0
2023-09-02,227.123,125.414,29.547,51.139,3.847,2.576,4.331,24.979,2.715,24.567,24.477,117.111,34.21,68.64,10.25,24.94,39.79,19.623,0.0
2023-09-03,217.791,116.836,29.808,49.109,3.593,2.364,3.151,25.44,2.694,24.941,24.922,117.353,34.26,59.11,11.2,26.3,39.59,18.816,0.0
2023-09-04,198.285,102.241,28.011,55.835,4.341,3.005,0.507,25.19,2.455,24.794,24.921,117.664,33.74,84.0,13.15,18.89,36.43,17.132,0.0
2023-09-05,199.446,102.983,22.305,57.305,2.955,1.77,-8.217,23.05,2.443,23.184,23.689,118.469,29.36,83.0,7.8,15.59,36.34,17.233,0.0
2023-09-06,190.312,103.513,26.172,57.706,2.98,1.85,0.242,23.897,2.394,23.389,23.557,118.149,33.64,71.24,8.5,19.55,40.26,16.443,0.0
2023-09-07,181.129,98.801,27.274,55.172,3.7,2.445,1.317,24.829,2.39,24.208,24.294,117.755,33.12,74.12,11.15,22.29,38.5,15.65,0.0
2023-09-08,146.735,69.576,24.327,65.85,3.884,2.664,-4.282,23.464,1.851,23.334,23.732,117.643,32.86,94.1,9.7,19.84,38.3,12.677,34.798
2023-09-09,73.431,26.743,20.444,82.803,3.366,2.172,-7.644,21.385,1.077,21.962,22.591,118.189,26.16,90.9,9.8,18.46,61.63,6.344,12.7
2023-09-10,269.37,152.411,24.583,62.499,2.128,1.262,0.217,22.916,3.215,22.688,22.768,118.027,32.17,92.1,6.15,15.92,40.1,23.274,0.0
2023-09-11,268.659,147.397,28.131,45.532,3.099,1.911,1.666,23.943,3.221,23.736,23.785,117.524,35.28,61.75,8.5,21.87,26.95,23.213,0.0
2023-09-12,138.143,67.304,27.328,48.108,2.314,1.378,-0.72,23.599,1.785,23.546,23.777,117.364,34.12,70.16,9.7,23.61,30.46,11.935,0.0
2023-09-13,120.854,61.566,22.698,69.9,2.594,1.69,-4.887,22.987,1.434,23.139,23.512,117.607,31.23,95.1,11.2,16.8,39.22,10.442,8.636
2023-09-14,214.943,122.627,16.476,72.311,2.977,1.936,-14.309,21.078,2.693,21.69,22.304,118.489,22.59,95.4,7.85,11.89,42.94,18.57,0.0
2023-09-15,285.725,148.388,21.22,47.701,2.16,1.26,-6.016,20.949,3.367,21.124,21.542,118.167,29.69,79.63,5.65,12.37,17.46,24.686,0.0
2023-09-16,275.167,155.129,26.406,44.944,2.537,1.6,1.411,23.222,3.255,22.666,22.65,117.614,34.07,63.28,7.25,19.69,29.74,23.774,0.0
2023-09-17,273.21,158.208,29.222,42.401,3.05,2.003,4.133,24.868,3.24,24.03,23.905,117.516,35.84,59.44,10.9,23.53,27.7,23.607,0.0
2023-09-18,144.093,74.307,27.102,53.555,2.518,1.636,1.132,24.49,1.841,24.004,24.124,117.824,32.74,66.05,8.95,23.15,38.36,12.449,0.0
2023-09-19,250.791,152.485,28.226,54.088,1.425,0.824,4.568,26.207,2.914,25.225,25.018,117.755,34.16,75.79,6.1,21.45,36.25,21.668,0.0
2023-09-20,208.568,125.985,27.968,53.887,1.99,1.206,1.512,26.165,2.587,25.397,25.36,117.761,35.61,77.35,10.0,22.01,32.07,18.02,0.0
2023-09-21,276.57,173.217,28.854,53.996,1.622,1.05,3.914,26.573,3.312,26.067,25.888,117.429,36.89,88.9,7.75,21.34,27.36,23.897,4.826
2023-09-22,266.021,164.321,29.161,54.63,1.303,0.724,3.321,27.101,3.039,26.409,26.247,117.333,37.74,78.21,9.45,21.97,24.71,22.983,1.524
2023-09-23,142.712,75.531,28.64,57.969,1.08,0.504,0.215,26.094,1.776,26.024,26.173,117.235,37.17,77.35,8.95,23.25,30.78,12.33,0.0
2023-09-24,255.947,161.451,30.424,51.57,1.385,0.806,3.732,27.366,2.973,26.603,26.433,117.224,37.55,76.13,5.55,23.01,29.73,22.113,0.0
2023-09-25,263.613,164.18,31.33,50.521,1.619,1.007,3.516,28.308,2.974,27.344,27.165,117.093,37.17,75.44,7.8,24.99,30.34,22.777,0.0
2023-09-26,261.624,155.459,32.324,44.817,2.899,1.828,3.107,28.963,3.014,27.888,27.71,116.748,37.37,55.78,9.15,28.06,32.92,22.604,0.0
2023-09-27,263.577,145.499,26.438,60.272,3.361,2.331,-4.975,28.053,2.99,27.398,27.476,117.145,31.51,79.54,8.6,18.51,45.32,22.772,0.0
2023-09-28,270.928,158.662,23.859,64.223,1.847,1.21,-4.286,26.401,3.129,25.845,26.084,117.412,31.76,85.4,6.9,16.06,42.64,23.408,0.0
2023-09-29,233.235,142.431,26.731,65.77,1.972,1.162,-0.416,26.906,2.747,26.097,26.135,117.753,34.66,93.8,7.0,21.69,39.51,20.152,27.438
2023-09-30,256.764,162.587,26.689,73.477,1.666,1.106,2.967,27.49,3.152,26.931,26.772,117.63,34.26,93.9,7.2,21.63,43.46,22.186,0.0
2023-10-01,219.915,133.02,26.813,72.164,1.856,1.166,0.795,27.591,2.787,27.163,27.141,117.312,33.31,93.2,5.5,22.34,44.2,19.0,0.0
2023-10-02,271.071,165.845,29.34,58.255,1.891,1.212,3.38,28.553,3.295,27.658,27.522,116.846,35.19,88.2,6.4,22.01,40.03,23.421,0.0
2023-10-03,288.043,172.023,30.985,49.956,3.28,2.207,2.647,29.25,3.499,28.136,28.006,116.64,35.89,65.36,9.55,25.97,35.51,24.887,0.0
2023-10-04,274.529,161.733,31.046,47.997,3.547,2.416,1.25,29.724,3.231,28.395,28.265,116.549,36.79,66.35,10.45,27.11,26.47,23.718,0.0
2023-10-05,265.508,161.53,27.567,64.411,2.488,1.79,0.58,29.444,3.11,28.288,28.228,116.761,34.83,88.6,8.95,20.49,39.72,22.942,0.0
2023-10-06,268.64,166.081,30.411,54.031,2.349,1.423,1.373,29.348,3.136,28.101,28.033,116.983,36.89,78.98,9.5,23.29,33.19,23.21,0.0
2023-10-07,247.947,146.521,30.957,51.92,3.275,2.228,1.679,30.113,2.801,28.665,28.475,117.257,36.4,78.72,11.55,24.92,34.97,21.424,0.0
2023-10-08,195.981,117.634,23.862,77.659,2.812,1.901,-4.706,28.56,2.468,27.96,28.12,117.556,31.16,93.6,9.7,18.22,56.07,16.933,0.508
2023-10-09,269.437,159.227,23.183,67.203,2.172,1.261,-6.846,26.426,3.379,26.128,26.465,117.99,30.19,92.3,5.95,17.94,40.13,23.279,0.508
2023-10-10,281.24,168.087,27.884,56.515,2.571,1.735,1.156,28.308,3.324,26.934,26.797,117.593,36.03,72.43,6.9,20.98,34.86,24.3,0.0
2023-10-11,280.167,170.709,30.964,52.34,2.987,1.954,4.247,30.047,3.417,28.345,28.043,117.262,37.93,72.65,8.65,24.8,31.9,24.207,0.0
2023-10-12,267.821,153.332,28.992,56.381,3.398,2.286,0.174,30.462,3.192,28.908,28.663,117.129,36.51,83.3,9.05,18.42,36.38,23.138,0.0
2023-10-13,241.328,144.862,22.377,67.334,2.356,1.635,-8.464,27.573,2.926,26.886,27.152,117.957,31.09,85.5,6.8,16.94,43.29,20.85,0.0
2023-10-14,261.698,156.735,26.955,60.904,2.223,1.457,0.381,28.979,3.107,27.447,27.282,117.966,35.41,80.0,8.7,20.74,38.39,22.61,0.0
2023-10-15,237.385,130.72,28.241,62.734,3.236,2.137,2.295,29.556,3.01,28.168,27.967,117.809,37.08,81.4,10.7,23.85,28.99,20.508,1.27
2023-10-16,255.554,148.901,30.845,46.161,2.783,1.771,0.522,29.023,3.211,28.017,27.95,117.475,37.08,70.1,9.7,23.44,30.49,22.08,0.0
2023-10-17,260.85,157.488,30.387,47.573,2.072,1.274,1.41,30.069,3.254,28.543,28.334,117.528,37.22,64.74,8.25,24.91,30.14,22.538,0.0
2023-10-18,210.436,112.671,29.213,55.882,2.451,1.571,-1.018,28.664,2.671,28.036,28.111,117.474,37.08,82.6,9.05,23.9,29.32,18.182,10.668
2023-10-19,203.061,106.963,26.469,67.073,3.731,2.481,-4.896,27.025,2.525,27.112,27.457,117.621,36.79,91.2,9.25,20.39,34.62,17.544,23.368
2023-10-20,219.127,138.13,25.994,68.078,3.023,1.926,-2.503,26.676,2.725,26.586,26.758,117.695,32.98,89.7,8.9,20.88,47.8,18.932,0.0
2023-10-21,299.382,178.405,28.543,60.76,2.994,1.869,1.646,28.082,3.585,27.538,27.48,117.642,35.65,82.3,8.65,22.58,38.59,25.868,0.0
2023-10-22,313.273,178.757,30.054,48.814,3.251,2.107,0.587,28.93,3.754,28.014,27.984,117.351,37.12,67.79,9.2,23.85,27.22,27.065,0.0
2023-10-23,308.974,185.612,32.326,41.205,2.429,1.563,3.147,30.424,3.712,28.792,28.599,117.023,38.69,55.31,6.6,26.78,24.61,26.695,0.0
2023-10-24,123.762,60.359,26.409,66.165,3.546,2.399,-6.969,27.291,1.463,27.176,27.687,117.078,32.01,81.3,10.45,22.95,46.1,10.693,0.0
2023-10-25,164.272,93.923,26.039,72.076,1.465,0.973,-0.668,27.424,1.799,26.738,26.909,116.83,31.67,91.1,5.65,21.11,52.01,14.193,1.778
2023-10-26,225.645,134.326,27.904,65.742,2.144,1.346,2.021,28.371,2.516,27.824,27.779,116.505,33.69,92.9,7.05,22.29,44.54,19.496,0.0
2023-10-27,258.243,152.711,29.236,57.546,3.224,2.145,1.453,29.229,3.245,28.211,28.163,116.388,34.45,68.76,9.3,25.55,41.55,22.312,0.0
2023-10-28,254.585,148.755,27.933,63.735,4.18,2.867,-0.444,28.918,3.271,28.138,28.224,116.466,33.11,76.89,12.5,25.02,45.24,21.995,0.508
2023-10-29,156.104,83.262,27.28,67.272,3.181,2.063,-1.507,27.628,2.141,27.268,27.528,116.684,32.93,88.8,13.6,23.66,46.72,13.488,2.032
2023-10-30,172.793,105.887,28.856,58.889,2.864,1.863,0.959,27.435,2.257,27.289,27.434,116.926,33.98,74.25,8.45,25.13,40.33,14.929,0.0
2023-10-31,147.125,84.571,27.39,60.762,2.05,1.391,-1.14,27.275,2.069,27.16,27.375,117.096,31.86,89.2,7.25,22.23,45.74,12.711,1.016
2023-11-01,68.596,18.601,23.287,84.573,1.698,1.044,-5.694,25.324,1.073,25.826,26.399,117.137,26.3,92.7,6.9,21.29,66.45,5.927,10.922
2023-11-02,283.173,181.01,28.968,55.507,2.6,1.694,3.946,27.994,3.291,27.415,27.228,116.663,34.98,76.47,7.25,22.48,38.15,24.466,0.0
2023-11-03,256.378,150.886,26.367,61.066,4.317,3.033,-3.689,28.378,3.155,27.977,28.037,117.099,33.17,79.27,10.8,17.08,46.41,22.15,0.0
2023-11-04,328.868,170.727,19.585,54.667,2.447,1.522,-14.059,25.415,3.96,25.39,26.026,117.88,27.36,90.1,6.85,13.32,21.09,28.415,0.0
2023-11-05,345.653,182.729,23.813,38.123,1.768,1.011,-6.4,25.401,4.138,24.588,24.938,117.555,33.55,71.67,5.4,13.19,14.9,29.864,0.0
2023-11-06,335.709,177.05,28.472,32.314,2.498,1.543,-0.268,27.494,4.03,25.868,25.796,117.647,37.26,55.4,7.25,18.27,15.68,29.005,0.0
2023-11-07,333.789,175.588,29.83,33.313,2.661,1.692,1.416,28.736,3.977,26.84,26.647,117.42,38.29,47.03,7.9,22.72,15.82,28.84,0.0
2023-11-08,297.359,175.137,29.977,51.774,3.123,2.024,5.36,30.542,3.715,28.478,28.049,117.427,38.72,85.0,11.15,23.41,27.32,25.692,5.842
2023-11-09,250.317,144.687,27.831,60.489,2.906,1.914,0.024,28.032,2.934,27.849,27.924,117.451,36.36,90.5,9.05,21.25,36.18,21.627,8.89
2023-11-10,275.924,175.655,29.537,54.216,3.015,1.926,2.878,28.495,3.508,28.104,28.015,117.121,37.32,85.1,9.35,22.63,30.76,23.839,0.0
2023-11-11,315.498,192.74,32.041,39.062,2.68,1.564,2.444,29.556,3.791,28.697,28.597,116.838,38.4,59.86,11.3,25.99,22.74,27.26,0.0
2023-11-12,303.87,181.991,33.145,38.938,3.202,2.065,3.357,30.566,3.648,29.047,28.875,116.771,38.17,49.06,8.95,27.87,29.15,26.254,0.0
2023-11-13,293.525,175.774,32.735,43.425,3.039,2.069,4.843,32.203,3.344,30.172,29.789,116.913,37.98,51.09,8.35,28.97,29.26,25.361,0.0
2023-11-14,246.851,129.664,31.138,46.425,3.278,2.276,0.623,31.043,3.015,29.644,29.548,116.767,37.54,63.44,8.4,25.42,29.26,21.328,0.0
2023-11-15,277.056,156.092,31.729,43.301,3.368,2.279,1.838,31.553,3.046,29.645,29.418,116.707,37.55,63.54,9.65,25.37,28.31,23.935,0.0
2023-11-16,270.86,148.1,32.801,39.885,3.258,2.168,2.7,31.959,3.081,29.973,29.703,116.556,38.02,51.57,9.7,27.68,27.76,23.403,0.0
2023-11-17,266.592,141.271,33.005,41.684,3.883,2.614,2.585,32.307,2.866,30.248,29.951,116.326,37.74,56.26,9.15,28.68,29.39,23.035,0.0
2023-11-18,269.414,145.079,32.221,45.065,4.389,3.024,2.16,32.56,3.073,30.442,30.129,116.559,37.08,61.83,12.4,27.87,27.47,23.276,0.0
2023-11-19,143.049,61.895,29.479,57.369,3.458,2.355,-1.705,30.186,1.099,29.312,29.384,117.003,35.74,85.6,10.75,22.48,39.48,12.36,0.0
2023-11-20,135.453,71.132,25.024,74.098,1.489,0.943,-3.637,27.627,1.801,27.628,27.98,117.196,28.6,90.8,7.0,22.01,58.01,11.703,0.762
2023-11-21,254.931,150.678,28.501,60.017,2.779,1.913,3.317,30.287,3.218,28.695,28.479,116.905,34.64,80.8,8.05,23.34,35.72,22.027,0.0
2023-11-22,294.597,168.184,29.472,57.402,3.246,2.296,4.235,31.661,3.651,29.764,29.426,116.786,35.38,73.61,8.6,24.72,39.24,25.452,0.0
2023-11-23,179.814,103.339,26.764,69.893,3.05,2.097,-0.174,30.271,2.483,29.226,29.217,117.404,32.87,87.2,9.6,22.39,48.56,15.536,0.0
2023-11-24,131.229,71.162,24.583,79.359,1.057,0.728,-5.464,27.175,1.96,27.453,27.81,118.041,30.21,95.1,5.8,21.71,55.6,11.338,33.018
2023-11-25,169.086,102.034,24.584,81.754,1.856,1.018,-4.386,26.451,2.443,26.549,26.879,117.82,31.74,94.4,12.35,21.3,50.08,14.609,29.464
2023-11-26,155.907,86.512,22.833,83.55,2.155,1.303,-8.3,25.068,2.071,25.359,25.926,117.752,31.72,93.7,11.9,20.12,54.5,13.471,33.782
2023-11-27,189.9,111.523,24.927,74.751,2.687,1.741,-2.359,25.411,2.681,25.355,25.674,117.68,33.88,93.4,14.7,21.17,41.62,16.408,45.218
2023-11-28,212.235,133.284,26.711,71.1,1.883,1.07,2.121,27.156,2.857,26.748,26.688,117.346,32.73,94.5,8.5,20.88,44.76,18.337,0.508
2023-11-29,291.658,185.393,28.01,65.666,3.035,2.005,2.994,28.408,3.697,27.84,27.734,117.092,35.3,93.5,10.0,22.15,37.99,25.199,28.448
2023-11-30,245.29,163.98,26.6,69.674,1.971,1.173,2.112,27.877,3.334,27.629,27.659,117.411,31.9,91.2,6.85,22.29,44.92,21.191,0.0
2023-12-01,275.608,174.15,29.057,58.279,1.637,0.89,2.872,28.749,3.569,28.341,28.324,117.237,36.22,85.5,9.55,22.96,30.14,23.812,0.762
2023-12-02,328.705,214.465,29.289,55.317,2.318,1.47,3.853,30.106,4.132,28.957,28.804,117.189,35.27,72.99,8.65,24.7,34.65,28.402,0.0
2023-12-03,171.029,99.206,26.852,71.216,1.915,1.119,-2.156,28.697,2.38,28.242,28.476,117.079,34.74,93.8,9.5,22.29,38.16,14.776,7.366
2023-12-04,46.635,13.097,22.482,91.223,0.972,0.465,-9.801,24.579,0.767,25.23,26.003,117.446,25.59,95.0,8.0,19.92,79.8,4.029,64.012
2023-12-05,149.167,88.442,23.054,86.456,1.561,0.828,-1.655,25.65,2.222,25.651,25.907,117.736,29.59,95.3,7.8,20.92,57.6,12.888,11.684
2023-12-06,293.147,200.815,27.186,65.153,1.67,1.015,5.579,27.919,3.866,27.382,27.22,117.583,33.26,89.7,6.2,21.72,38.29,25.329,0.0
2023-12-07,184.071,116.076,28.313,63.912,1.288,0.768,2.474,28.155,2.515,27.765,27.779,117.484,34.05,87.0,6.4,23.51,41.18,15.903,0.0
2023-12-08,253.632,164.18,27.291,66.874,2.486,1.653,1.188,28.969,3.398,28.208,28.137,117.666,34.35,82.4,8.05,23.28,42.93,21.913,0.0
2023-12-09,215.046,129.568,26.872,74.842,1.618,0.864,0.545,28.469,2.821,27.977,28.068,117.384,34.61,91.8,11.2,21.71,41.85,18.582,6.096
2023-12-10,140.173,73.896,24.517,76.923,3.132,2.068,-7.527,26.236,1.965,26.628,27.154,117.29,32.84,92.9,12.35,19.46,49.16,12.111,18.798
2023-12-11,288.065,189.005,25.132,70.45,1.35,0.779,-0.176,27.101,3.885,26.74,26.807,117.129,33.12,95.6,5.5,18.08,40.13,24.889,0.0
2023-12-12,205.756,124.766,26.792,69.407,1.72,0.998,0.012,27.528,2.794,27.234,27.363,117.432,34.54,88.9,7.2,22.8,41.59,17.778,1.27
2023-12-13,314.033,210.299,27.71,68.559,2.374,1.487,2.837,28.918,3.924,28.118,27.992,117.175,35.98,92.6,8.25,21.56,39.3,27.134,18.292
2023-12-14,257.433,168.494,28.961,61.836,1.904,1.08,2.158,28.775,3.389,28.335,28.298,116.954,36.17,93.0,8.2,22.34,39.17,22.242,0.254
2023-12-15,247.0,167.946,28.332,65.555,1.3,0.684,2.803,29.251,3.277,28.725,28.691,117.238,35.93,88.4,10.75,23.9,37.94,21.341,1.524
2023-12-16,240.248,156.912,29.524,59.513,1.683,0.894,1.12,28.999,3.163,28.596,28.648,117.234,37.08,88.6,8.75,23.04,33.12,20.758,3.048
2023-12-17,240.999,155.662,28.949,56.409,2.072,1.075,-0.447,28.552,3.074,28.273,28.416,117.013,36.48,87.4,8.05,23.23,28.92,20.822,0.0
2023-12-18,296.469,202.495,29.358,56.384,1.989,1.206,3.587,30.28,3.739,29.111,28.955,116.828,35.56,80.2,12.45,25.21,37.88,25.617,0.0
2023-12-19,247.405,163.757,27.782,66.03,2.164,1.328,1.974,30.232,3.243,29.211,29.189,116.711,33.45,86.8,9.6,23.42,43.66,21.375,1.524
2023-12-20,178.312,107.418,25.818,75.46,1.017,0.55,-3.415,27.898,2.355,27.933,28.297,116.789,31.32,92.6,7.95,22.1,60.3,15.405,0.0
2023-12-21,270.934,175.957,28.151,63.922,1.913,1.057,0.149,28.719,3.536,27.91,28.017,117.092,34.89,88.7,6.3,22.25,41.17,23.409,0.0
2023-12-22,256.07,163.974,26.714,76.195,1.445,0.862,0.329,29.132,3.408,28.374,28.446,117.286,33.78,91.7,10.45,22.99,49.23,22.124,19.048
2023-12-23,318.073,210.004,27.447,69.954,3.249,2.12,1.339,29.409,4.123,28.88,28.85,117.489,33.41,88.7,13.05,21.31,48.55,27.482,1.27
2023-12-24,275.606,182.996,27.843,64.785,1.401,0.864,-0.231,29.088,3.696,28.532,28.627,117.549,34.41,93.2,8.3,20.4,41.42,23.812,0.0
2023-12-25,259.296,163.447,28.761,60.925,2.575,1.607,0.616,29.61,3.474,28.8,28.872,117.585,34.89,81.3,12.95,22.62,41.24,22.404,0.0
2023-12-26,243.291,154.441,27.283,63.468,1.838,1.026,-1.43,28.776,3.272,28.012,28.223,117.836,33.01,84.5,6.35,21.63,41.55,21.02,0.0
2023-12-27,330.404,220.171,27.876,65.415,1.821,1.087,2.211,30.524,4.224,28.963,28.823,117.677,34.03,91.5,5.45,22.01,44.77,28.547,0.0
2023-12-28,294.02,187.433,29.94,53.629,1.936,1.187,0.657,30.689,3.808,29.14,29.051,117.341,36.56,69.98,7.3,24.85,36.59,25.403,0.0
2023-12-29,300.597,193.543,30.783,53.775,2.064,1.334,3.254,31.562,3.865,29.786,29.535,117.292,37.5,92.0,8.55,23.75,32.04,25.97,5.334
2023-12-30,192.249,119.32,25.938,76.733,1.768,1.071,-1.878,28.278,2.695,28.507,28.829,117.792,30.68,93.3,6.35,22.39,56.38,16.61,6.096
2023-12-31,161.195,96.178,25.375,78.299,1.378,0.699,-4.441,27.073,2.266,27.291,27.77,117.504,32.28,93.4,6.8,22.25,49.91,13.927,11.686
2024-01-01,151.605,93.949,25.192,80.864,0.918,0.444,-2.395,27.228,2.304,27.282,27.572,117.273,31.07,94.1,6.45,22.15,51.0,13.098,2.794
2024-01-02,220.252,153.538,25.585,80.815,1.449,0.903,0.77,28.0,3.228,27.838,27.971,117.035,30.59,93.8,7.2,22.37,57.67,19.031,12.192
2024-01-03,163.43,91.735,25.49,81.723,1.02,0.542,-2.211,27.101,2.277,27.285,27.625,116.991,29.97,93.5,4.8,22.15,61.95,14.121,4.572
2024-01-04,193.718,114.096,26.01,77.354,0.939,0.534,-2.404,26.956,2.618,27.066,27.381,117.169,32.03,94.6,8.05,21.91,57.1,16.737,0.0
2024-01-05,309.006,203.982,27.755,68.836,1.098,0.673,1.957,28.084,3.998,27.678,27.749,117.158,34.13,94.5,6.5,21.06,43.14,26.697,0.0
2024-01-06,317.057,207.621,28.961,63.895,1.535,0.895,3.097,29.284,4.031,28.519,28.511,117.094,35.28,83.6,5.8,24.09,34.55,27.392,0.0
2024-01-07,303.498,198.599,29.304,62.026,1.811,1.09,2.583,29.946,3.956,28.92,28.901,117.109,35.89,79.38,6.5,24.66,38.66,26.22,0.0
2024-01-08,267.546,169.341,29.581,60.593,1.952,1.167,2.145,29.971,3.524,29.117,29.127,117.082,36.41,80.8,6.45,25.16,40.29,23.115,2.032
2024-01-09,282.151,184.773,29.089,59.205,1.74,0.949,1.047,29.611,3.674,28.912,29.008,117.293,35.7,81.1,6.75,23.99,39.98,24.38,0.0
2024-01-10,253.138,160.134,27.808,65.783,2.752,1.749,-0.397,29.684,3.373,28.735,28.821,117.238,34.07,80.4,8.05,23.09,44.06,21.87,0.0
2024-01-11,275.053,174.97,26.758,72.3,2.479,1.672,0.681,29.658,3.6,28.793,28.877,117.237,32.27,93.8,8.35,21.93,53.95,23.764,14.732
2024-01-12,131.48,76.104,25.056,84.396,0.929,0.521,-2.375,27.2,1.945,27.47,27.895,117.149,29.4,94.5,4.55,21.91,64.66,11.36,1.016
2024-01-13,184.642,115.424,25.927,81.954,1.407,0.805,-0.397,27.985,2.712,27.884,28.058,117.3,31.98,94.8,7.15,23.32,57.44,15.953,2.032
2024-01-14,268.262,175.066,27.772,70.202,2.028,1.254,2.727,28.667,3.719,28.331,28.401,117.657,33.22,91.7,8.35,23.09,48.31,23.177,0.508
2024-01-15,126.576,68.632,26.373,73.718,2.53,1.598,-3.002,27.174,1.908,27.439,27.865,117.834,30.68,85.5,7.95,23.32,59.2,10.936,0.254
2024-01-16,313.753,205.693,28.929,62.334,2.863,1.897,4.173,29.478,4.08,28.435,28.369,117.515,34.27,81.8,7.0,24.08,41.51,27.109,0.0
2024-01-17,208.397,148.501,28.66,62.954,1.869,1.024,1.542,29.0,3.256,28.345,28.495,117.822,33.02,77.53,6.9,24.61,43.76,18.006,0.0
2024-01-18,314.753,202.767,29.722,60.731,2.079,1.315,4.267,30.236,4.032,28.992,28.931,117.564,35.37,78.95,8.05,25.59,39.78,27.194,0.0
2024-01-19,318.798,202.381,30.159,56.461,2.31,1.459,4.726,31.122,4.028,29.512,29.342,117.577,36.22,74.81,8.25,25.64,32.85,27.545,0.0
2024-01-20,266.524,165.611,28.337,64.075,2.56,1.666,1.952,30.393,3.469,29.171,29.159,117.331,34.8,90.3,8.3,23.04,43.31,23.027,7.874
2024-01-21,209.779,125.727,26.392,76.148,2.278,1.479,-2.516,27.553,2.828,27.806,28.163,117.507,31.41,92.4,7.7,21.99,56.32,18.125,6.604
2024-01-22,96.948,41.042,24.365,83.917,1.471,0.927,-5.929,26.1,1.42,26.657,27.272,117.488,30.39,95.0,8.25,20.68,61.47,8.376,9.652
2024-01-23,182.94,114.494,23.776,84.618,1.405,0.874,-2.688,26.068,2.618,26.236,26.63,117.282,29.38,95.1,6.95,20.87,57.25,15.807,7.112
2024-01-24,265.311,168.881,24.855,72.358,2.229,1.335,-1.221,26.85,3.593,26.806,27.031,117.168,30.65,92.7,6.45,20.92,46.86,22.924,0.0
2024-01-25,319.4,191.818,25.162,61.001,2.207,1.27,-2.429,26.565,4.105,26.426,26.751,117.267,31.41,86.2,7.65,19.5,35.65,27.596,0.0
2024-01-26,332.892,197.443,24.638,57.69,2.413,1.428,-2.687,26.874,4.177,26.356,26.626,117.444,31.22,85.4,7.55,18.6,30.83,28.761,0.0
2024-01-27,285.385,157.688,25.174,54.268,2.134,1.234,-3.851,26.121,3.613,25.71,26.104,117.36,32.17,71.92,7.8,19.65,25.73,24.655,0.0
2024-01-28,325.224,188.107,27.349,45.351,1.664,1.026,0.462,26.943,4.054,26.095,26.26,117.42,33.59,78.25,6.9,19.6,19.15,28.1,0.0
2024-01-29,305.986,179.749,27.798,48.394,1.756,1.083,2.198,27.492,3.782,26.285,26.34,117.652,35.11,74.38,7.5,19.22,26.55,26.437,0.0
2024-01-30,300.621,186.056,28.114,58.942,2.33,1.481,5.495,29.068,3.732,27.602,27.395,117.638,35.13,86.0,8.2,21.82,32.58,25.974,0.762
2024-01-31,270.719,162.216,25.595,67.26,1.848,1.089,2.094,28.097,3.411,27.414,27.452,117.663,33.95,91.6,7.7,20.6,43.55,23.392,0.508
2024-02-01,269.164,144.788,27.341,56.518,1.79,1.091,-2.25,26.605,3.458,26.461,26.785,117.743,35.75,79.54,7.65,20.46,31.5,23.257,0.254
2024-02-02,277.321,146.442,28.201,53.988,1.775,0.975,-1.386,27.305,3.576,26.829,27.06,117.844,35.93,80.6,6.7,21.02,31.16,23.962,0.0
2024-02-03,206.574,96.748,25.887,67.465,1.928,1.224,-3.718,26.459,2.735,26.508,26.882,117.804,32.55,85.3,8.75,21.91,44.68,17.847,5.588
2024-02-04,217.936,115.964,26.319,65.747,2.181,1.395,-1.79,25.751,3.086,26.064,26.532,117.875,33.07,87.3,6.45,21.53,40.4,18.829,0.0
2024-02-05,166.459,88.086,25.831,72.337,1.527,0.958,-1.678,26.256,2.51,26.32,26.683,117.827,32.36,87.8,6.4,22.77,45.97,14.382,2.794
2024-02-06,170.785,101.796,25.066,76.868,1.329,0.836,-2.12,25.992,2.601,26.168,26.542,117.964,31.22,94.0,6.25,21.06,54.32,14.756,3.556
2024-02-07,266.502,172.518,26.541,72.974,1.828,1.247,0.688,26.891,3.682,26.908,27.13,117.671,32.84,93.1,8.4,22.06,47.53,23.025,0.254
2024-02-08,72.002,27.929,23.257,82.617,1.371,0.952,-6.761,24.756,1.241,25.495,26.211,117.523,29.18,92.5,9.35,20.58,60.79,6.221,4.826
2024-02-09,148.604,90.172,25.038,76.721,1.335,0.727,-2.467,25.421,2.274,25.571,25.939,117.601,29.93,91.4,6.4,20.87,57.46,12.84,0.0
2024-02-10,187.504,116.013,25.761,76.898,1.629,0.912,-1.157,25.937,2.784,26.081,26.412,117.661,32.31,90.9,8.6,22.77,47.77,16.201,2.286
2024-02-11,259.754,158.214,27.425,71.163,2.317,1.398,0.86,26.971,3.564,26.799,27.006,117.617,34.64,89.5,8.25,23.56,40.81,22.444,0.762
2024-02-12,266.113,165.107,26.306,74.594,2.487,1.611,0.574,26.696,3.555,26.68,27.023,117.926,31.22,88.6,7.7,23.18,54.01,22.992,0.0
2024-02-13,240.389,142.688,27.069,68.716,1.479,0.958,-0.52,26.74,3.302,26.597,26.963,118.253,32.65,86.3,7.35,21.96,48.99,20.77,0.0
2024-02-14,303.737,185.625,28.172,67.708,2.288,1.574,1.441,27.901,3.931,27.283,27.454,118.128,34.06,88.4,8.6,23.66,40.97,26.243,0.0
2024-02-15,293.481,172.831,28.015,66.691,1.846,1.257,-0.418,28.161,3.734,27.62,27.829,118.006,33.68,91.5,7.6,22.85,42.84,25.357,0.0
2024-02-16,269.669,156.703,28.504,62.236,1.741,1.143,-1.997,27.873,3.505,27.389,27.645,117.686,34.75,85.1,8.15,22.48,42.36,23.3,0.0
2024-02-17,206.918,114.894,27.562,68.29,1.221,0.779,-1.792,27.282,2.779,27.029,27.381,117.36,34.99,90.0,7.7,22.96,39.39,17.878,0.0
2024-02-18,120.344,59.926,24.713,79.211,1.819,1.157,-3.483,25.903,1.78,26.244,26.768,117.213,28.31,91.3,9.05,22.38,60.83,10.398,3.302
2024-02-19,218.152,128.292,25.288,74.952,2.062,1.493,-2.632,26.035,2.881,26.134,26.511,116.891,31.51,91.9,7.45,21.34,47.43,18.848,0.0
2024-02-20,270.407,152.294,26.174,69.66,2.258,1.595,-1.931,27.127,3.378,26.738,26.98,116.526,32.69,92.9,8.65,21.82,38.5,23.364,0.0
2024-02-21,237.219,134.007,25.288,68.411,1.671,1.145,-4.311,26.115,3.114,26.005,26.454,116.538,31.65,87.5,7.7,20.31,43.12,20.495,0.0
2024-02-22,283.569,167.684,27.301,66.337,2.15,1.425,1.135,27.408,3.583,26.704,26.864,116.74,32.84,87.3,7.55,21.29,44.95,24.499,0.0
2024-02-23,286.058,172.842,28.227,64.62,2.193,1.473,2.441,28.551,3.647,27.656,27.713,117.472,34.06,81.4,6.15,23.85,43.58,24.716,0.0
2024-02-24,192.307,107.021,26.681,75.412,1.492,0.898,-1.835,27.674,2.663,27.444,27.729,118.078,33.88,92.1,8.5,22.99,47.05,16.615,19.304
2024-02-25,262.621,165.39,26.501,71.556,1.579,0.976,-1.982,26.384,3.474,26.602,26.945,118.346,33.6,94.9,8.3,20.68,42.17,22.691,30.99
2024-02-26,241.782,148.04,28.852,64.13,1.151,0.532,-0.42,27.636,3.312,27.402,27.558,117.95,36.46,89.7,6.25,22.77,35.64,20.891,0.0
2024-02-27,193.635,113.809,27.182,75.478,1.216,0.757,-2.15,27.497,2.686,27.445,27.75,117.523,35.84,93.5,10.25,23.09,40.46,16.73,3.556
2024-02-28,269.397,170.036,26.824,74.918,1.301,0.78,-1.004,27.564,3.531,27.571,27.803,117.573,34.89,93.7,6.2,22.2,43.68,23.275,0.0
2024-02-29,285.738,181.756,29.212,63.549,1.17,0.755,-1.047,28.18,3.754,27.801,28.02,117.74,36.03,90.8,6.5,22.39,36.79,24.686,0.0
2024-03-01,289.285,173.792,29.824,56.945,1.581,0.932,-1.704,28.761,3.667,28.188,28.379,117.69,36.41,83.0,5.7,23.23,33.06,24.993,0.0
2024-03-02,280.858,174.394,29.945,56.049,1.742,1.117,-1.154,28.974,3.636,28.257,28.445,117.495,36.84,84.4,7.85,22.63,30.14,24.266,0.0
2024-03-03,235.744,138.177,27.715,65.216,1.568,0.942,-2.174,28.562,3.088,28.1,28.391,117.471,34.71,87.0,9.6,23.42,43.92,20.369,1.016
2024-03-04,150.236,83.429,26.085,74.792,1.389,0.817,-5.345,26.598,2.068,26.973,27.477,117.575,31.05,92.0,7.1,21.61,57.44,12.981,2.286
2024-03-05,204.208,124.724,26.002,76.177,1.563,0.969,-3.346,27.004,2.808,26.91,27.292,117.654,33.36,93.7,9.5,21.74,45.7,17.644,0.762
2024-03-06,158.161,85.452,25.048,80.828,1.034,0.604,-5.737,25.877,2.151,26.258,26.777,117.578,32.27,92.3,4.9,21.87,52.39,13.665,43.686
2024-03-07,259.034,168.871,27.431,71.555,1.668,0.989,1.575,27.195,3.402,27.112,27.239,117.754,33.78,93.0,6.45,22.39,46.65,22.381,1.016
2024-03-08,238.88,149.956,26.868,75.95,1.911,1.161,0.756,27.649,3.153,27.72,27.923,117.767,32.46,94.7,8.35,22.94,49.7,20.638,4.572
2024-03-09,272.289,174.671,28.267,69.9,1.672,0.936,0.791,28.284,3.588,28.094,28.249,117.611,34.25,90.2,6.1,22.95,48.95,23.526,0.0
2024-03-10,267.489,172.292,28.962,67.048,1.569,0.913,-0.518,28.932,3.518,28.459,28.593,117.729,34.85,88.0,6.35,24.09,43.07,23.111,0.0
2024-03-11,248.749,156.678,28.996,68.679,1.137,0.641,-0.851,29.161,3.298,28.704,28.889,117.766,35.75,91.1,5.5,23.8,42.49,21.492,0.0
2024-03-12,259.632,158.355,29.726,61.55,2.013,1.126,-1.412,28.985,3.346,28.405,28.634,117.785,36.06,84.4,7.25,24.89,37.55,22.432,0.0
2024-03-13,263.013,165.477,29.409,66.485,2.047,1.294,1.978,29.793,3.332,29.018,29.062,117.68,36.27,89.7,8.65,25.49,42.29,22.725,3.556
2024-03-14,195.769,127.864,28.542,71.212,1.464,0.755,-1.226,28.635,2.706,28.784,29.079,117.562,35.18,89.0,5.15,24.28,47.28,16.915,0.0
2024-03-15,233.227,144.361,27.733,74.79,1.496,0.883,-1.0,28.907,3.117,28.695,28.914,117.295,35.98,91.5,14.6,23.9,40.73,20.152,1.524
2024-03-16,285.644,182.597,29.173,65.794,2.155,1.38,-0.401,29.124,3.582,28.721,28.888,117.061,35.46,90.5,7.7,23.2,43.68,24.681,0.0
2024-03-17,218.249,135.925,28.978,64.773,2.448,1.585,-0.601,29.361,2.986,28.841,29.054,117.376,34.55,83.6,8.15,24.73,44.0,18.857,0.0
2024-03-18,254.075,154.645,29.065,64.708,1.947,1.212,-0.514,29.475,3.255,28.835,29.005,117.413,34.58,86.0,7.2,24.08,45.45,21.952,0.0
2024-03-19,278.701,170.652,30.18,58.827,1.966,1.266,0.199,30.339,3.515,29.297,29.321,117.315,36.98,81.9,6.6,24.47,35.7,24.08,0.0
2024-03-20,238.676,142.226,30.643,57.661,2.167,1.409,0.198,30.232,3.098,29.381,29.475,116.859,35.4,72.74,7.4,26.35,42.3,20.622,0.0
2024-03-21,246.47,141.781,27.939,67.515,3.502,2.317,-2.196,30.017,3.18,29.364,29.518,117.237,36.16,88.9,14.7,21.2,37.62,21.294,2.286
2024-03-22,177.085,110.663,25.441,70.317,2.44,1.504,-7.005,27.505,2.487,27.633,28.134,117.75,31.08,94.3,8.85,20.11,49.09,15.3,0.508
2024-03-23,141.811,102.347,23.238,75.587,3.486,1.832,-8.066,26.088,2.382,26.393,27.063,117.841,27.98,90.3,10.55,21.2,59.06,12.252,0.0
2024-03-24,84.456,66.504,22.693,82.613,2.742,1.409,-6.332,25.245,1.794,25.51,26.12,117.617,25.86,88.6,7.6,20.44,70.59,7.297,0.0
2024-03-25,68.364,93.8,25.076,78.103,2.34,1.335,-2.241,26.473,2.228,26.229,26.539,117.42,31.18,92.3,6.65,21.95,52.08,5.907,0.0
2024-03-26,33.356,57.079,23.882,81.354,1.8,1.143,-4.214,25.325,1.878,25.768,26.29,117.527,28.55,92.1,8.95,22.01,60.09,2.882,1.016
2024-03-27,178.261,112.335,24.357,74.304,3.005,1.865,-3.763,25.932,2.691,25.794,26.181,117.79,29.93,89.9,7.35,21.34,50.91,15.4,0.0
2024-03-28,168.279,100.919,24.97,74.016,2.446,1.284,-1.784,26.229,2.388,25.898,26.199,118.076,31.02,89.8,7.3,21.15,51.55,14.54,0.0
2024-03-29,194.105,116.596,24.888,80.35,1.84,1.084,-0.205,26.859,2.68,26.478,26.657,118.049,32.03,94.5,6.5,21.63,49.6,16.77,15.748
2024-03-30,166.922,95.283,25.696,78.307,1.141,0.572,-1.504,26.58,2.263,26.714,26.958,117.887,32.22,92.4,5.45,22.19,50.55,14.421,1.524
2024-03-31,164.278,100.157,24.792,82.201,1.361,0.714,-0.848,26.64,2.33,26.804,27.095,117.788,31.84,93.9,6.5,21.86,51.6,14.193,5.08
2024-04-01,114.451,53.369,24.001,82.17,1.442,0.659,-5.37,25.252,1.582,25.787,26.361,117.496,29.88,93.8,7.25,20.3,56.51,9.889,2.794
2024-04-02,238.47,144.974,25.628,78.46,1.501,0.882,-0.338,26.437,2.995,26.464,26.685,117.484,31.74,95.1,6.6,20.58,56.53,20.604,0.0
2024-04-03,195.327,114.935,27.209,71.095,0.884,0.36,-1.616,26.626,2.619,26.561,26.844,117.398,34.45,94.3,4.65,21.15,40.53,16.876,0.0
2024-04-04,215.197,137.557,27.718,70.149,1.11,0.619,-0.244,27.308,2.744,27.003,27.207,117.673,34.25,93.7,6.1,22.24,44.34,18.593,0.0
2024-04-05,245.288,153.379,29.188,58.474,1.535,0.681,-0.311,28.041,3.136,27.459,27.624,117.761,35.7,83.6,4.6,23.89,33.77,21.193,0.0
2024-04-06,172.905,96.139,28.827,62.433,1.678,0.862,-1.348,27.572,2.356,27.171,27.436,117.482,34.67,82.7,5.65,23.45,43.59,14.938,0.0
2024-04-07,79.088,28.932,24.074,87.367,1.678,0.91,-5.221,25.776,1.155,26.221,26.745,117.635,28.6,94.3,8.55,22.04,69.55,6.833,22.864
2024-04-08,169.692,99.539,25.148,81.164,1.469,0.855,-1.64,26.275,2.335,26.415,26.712,117.452,31.6,93.2,5.5,22.2,54.05,14.661,21.332
2024-04-09,200.005,119.343,25.836,79.03,1.515,0.806,-2.806,26.441,2.63,26.596,26.916,117.465,32.27,94.5,8.5,21.43,51.74,17.281,42.41
2024-04-10,232.303,150.162,25.54,77.585,1.368,0.783,-0.384,26.579,2.924,26.601,26.827,117.303,32.12,95.3,5.8,20.58,50.25,20.071,9.398
2024-04-11,144.839,85.074,24.873,85.199,1.021,0.55,-2.377,26.415,1.994,26.617,26.975,117.493,31.17,95.1,5.85,22.37,56.93,12.514,30.992
2024-04-12,133.741,81.782,24.623,85.984,0.816,0.404,-2.178,26.208,1.891,26.412,26.758,117.654,30.84,95.6,6.3,21.99,57.85,11.555,1.27
2024-04-13,171.125,106.948,25.734,79.145,1.272,0.601,-0.29,26.688,2.343,26.758,27.005,117.468,31.32,93.6,6.35,22.56,52.55,14.785,0.0
2024-04-14,224.744,138.446,25.93,78.001,2.291,1.316,0.535,27.302,2.877,27.23,27.385,117.298,31.98,92.4,7.2,22.9,53.68,19.418,3.048
2024-04-15,74.837,28.123,23.702,87.956,2.352,1.387,-6.608,25.357,1.114,25.806,26.367,117.368,28.74,95.3,8.95,21.64,69.89,6.466,48.262
2024-04-16,50.993,9.301,23.025,90.6,1.499,0.762,-6.015,24.65,0.814,25.058,25.584,117.821,25.49,95.3,6.7,21.71,81.2,4.406,41.148
2024-04-17,107.363,56.483,21.941,86.572,1.96,1.178,-5.399,24.231,1.534,24.73,25.258,118.137,25.33,95.9,6.5,18.79,74.97,9.276,0.0
2024-04-18,262.767,127.034,20.293,61.985,2.274,1.25,-12.403,22.515,3.037,23.396,24.194,118.152,28.07,85.2,7.3,14.25,30.4,22.703,0.0
2024-04-19,239.077,121.891,21.574,72.646,2.189,1.026,-8.018,23.048,2.86,23.33,23.836,118.007,29.16,92.4,7.7,16.71,44.76,20.657,0.0
2024-04-20,253.851,136.446,24.752,65.188,1.784,0.951,-3.031,24.167,2.996,24.058,24.336,118.018,32.69,87.6,5.7,16.93,38.8,21.933,0.0
2024-04-21,215.032,119.378,26.264,70.098,2.512,1.479,0.697,25.58,2.593,25.208,25.322,117.845,33.58,93.3,10.75,22.28,43.9,18.578,18.034
2024-04-22,231.732,134.765,26.824,63.275,1.955,1.104,0.373,25.642,2.83,25.641,25.822,117.654,32.55,84.4,7.35,21.44,41.32,20.022,0.0
2024-04-23,243.433,134.332,25.72,56.913,1.333,0.629,-4.985,24.503,2.89,24.781,25.234,117.789,32.74,84.0,5.1,19.65,30.25,21.033,0.0
2024-04-24,188.929,97.614,25.556,59.551,1.533,0.677,-4.66,24.054,2.346,24.244,24.712,117.884,31.84,80.2,5.75,19.17,34.9,16.324,0.0
2024-04-25,236.294,133.043,26.657,58.259,1.673,0.768,-1.818,25.201,2.819,24.987,25.216,117.748,33.3,81.5,5.8,20.25,33.74,20.415,0.0
2024-04-26,224.795,128.772,27.839,59.129,2.223,1.227,-0.191,25.953,2.692,25.567,25.718,117.553,33.68,75.02,7.85,23.56,38.7,19.422,0.0
2024-04-27,226.65,135.221,27.65,64.252,1.538,0.82,1.264,26.415,2.721,25.987,26.116,117.478,33.82,85.3,7.05,22.1,39.85,19.583,0.0
2024-04-28,221.635,131.296,27.638,65.915,1.571,0.868,1.126,26.661,2.695,26.138,26.255,117.516,33.41,87.7,7.3,22.2,46.44,19.15,0.0
2024-04-29,218.047,125.197,27.885,63.213,1.961,1.042,-0.196,26.635,2.642,26.211,26.381,117.546,33.97,88.0,7.65,22.06,42.54,18.839,0.0
2024-04-30,217.38,124.461,27.964,63.337,2.469,1.31,0.045,26.637,2.615,26.181,26.353,117.523,33.6,78.36,9.15,22.82,42.47,18.782,0.0
2024-05-01,217.854,123.755,27.941,64.228,2.623,1.534,0.65,26.872,2.648,26.286,26.418,117.417,33.31,83.3,9.25,22.15,46.44,18.823,0.0
2024-05-02,217.792,114.708,27.876,60.692,2.619,1.455,-0.371,26.833,2.641,26.362,26.536,117.126,32.79,74.55,9.15,24.18,42.34,18.817,0.0
2024-05-03,221.672,119.614,27.792,59.94,2.442,1.342,-1.064,26.536,2.651,26.058,26.252,117.257,33.22,79.08,7.8,22.44,40.06,19.152,0.0
2024-05-04,218.074,119.487,27.442,60.254,1.605,0.877,-1.837,26.282,2.596,25.892,26.129,117.727,33.26,86.9,7.4,21.44,36.67,18.842,0.0
2024-05-05,220.989,118.799,27.696,51.574,2.445,1.372,-2.83,26.21,2.593,25.684,25.903,117.887,34.26,81.4,7.85,21.34,32.97,19.093,0.0
2024-05-06,226.668,110.56,26.661,51.484,2.726,1.69,-3.786,25.802,2.642,25.38,25.661,117.61,32.55,73.42,9.0,21.41,31.57,19.584,0.0
2024-05-07,218.656,110.508,26.985,52.734,2.484,1.311,-3.076,25.283,2.586,24.873,25.171,117.375,33.22,75.46,9.05,20.79,29.06,18.892,0.0
2024-05-08,207.628,108.102,27.388,56.461,2.181,1.334,-0.586,25.714,2.508,25.163,25.369,117.63,33.12,77.04,9.25,22.77,36.06,17.939,0.0
2024-05-09,187.808,102.027,27.008,62.027,1.192,0.62,-1.146,25.786,2.306,25.166,25.346,117.929,33.74,86.8,8.55,20.88,37.35,16.227,0.0
2024-05-10,218.02,112.412,26.66,56.598,1.89,1.006,-2.038,26.076,2.545,25.215,25.399,117.68,33.41,85.1,7.45,20.68,31.57,18.837,0.0
2024-05-11,215.249,113.475,25.882,56.92,1.357,0.717,-2.734,25.396,2.518,24.561,24.825,117.684,32.74,79.41,8.25,18.98,32.59,18.597,0.0
2024-05-12,210.257,106.313,25.985,57.124,1.646,0.889,-2.616,25.14,2.483,24.337,24.595,117.469,32.55,83.6,8.75,18.98,33.76,18.166,0.0
2024-05-13,201.309,111.112,24.86,65.155,2.796,1.812,-0.007,25.862,2.37,24.72,24.822,117.857,30.86,86.0,7.4,18.79,50.67,17.393,0.0
2024-05-14,113.541,63.335,18.559,73.382,2.044,1.391,-7.67,22.443,1.516,22.976,23.674,118.518,23.67,89.6,5.45,14.92,56.18,9.81,0.0
2024-05-15,112.055,54.187,18.932,75.484,1.326,0.899,-8.74,20.961,1.438,21.724,22.484,118.25,26.84,89.3,5.6,14.91,52.78,9.682,0.0
2024-05-16,205.989,103.333,23.689,65.987,1.696,1.018,-1.844,23.309,2.375,22.498,22.729,117.784,31.23,92.6,8.25,16.34,40.48,17.798,0.0
2024-05-17,147.921,78.321,25.224,65.265,1.325,0.695,-0.014,23.939,1.859,23.245,23.41,118.053,31.24,84.1,6.25,19.6,46.04,12.78,0.0
2024-05-18,150.445,72.71,22.973,75.144,1.792,1.15,-1.109,24.079,1.848,23.583,23.812,118.376,29.16,90.7,5.85,17.94,54.64,12.998,0.0
2024-05-19,57.615,29.572,17.763,79.187,1.708,1.299,-8.039,20.81,0.874,21.735,22.507,118.786,19.96,90.1,5.15,16.13,70.89,4.978,0.0
2024-05-20,181.43,95.975,20.674,69.8,1.415,0.802,-4.15,22.661,2.153,22.066,22.381,118.482,27.41,87.7,4.25,15.11,50.74,15.676,0.0
2024-05-21,206.514,93.671,24.694,59.384,2.956,1.733,-1.089,24.11,2.377,23.058,23.169,118.084,32.65,85.7,9.45,18.89,31.98,17.843,0.0
2024-05-22,180.199,85.82,27.321,53.009,2.737,1.516,1.347,24.978,2.154,23.649,23.642,117.984,33.55,66.54,7.35,22.48,37.41,15.569,0.0
2024-05-23,178.551,83.866,27.271,52.989,2.812,1.489,1.028,25.21,2.143,24.037,24.082,117.72,32.74,71.57,9.05,22.63,37.14,15.427,0.0
2024-05-24,31.99,-1.765,19.626,82.633,2.419,1.36,-9.295,21.191,0.524,22.221,22.969,118.202,25.71,94.2,8.0,14.87,60.79,2.764,25.654
2024-05-25,35.443,12.233,13.321,83.549,2.396,1.432,-18.039,17.379,0.583,19.172,20.426,118.923,15.2,93.4,6.7,11.93,77.76,3.062,0.508
2024-05-26,59.805,33.735,13.626,87.589,1.466,0.848,-13.579,17.15,0.905,18.244,19.196,118.804,17.83,93.9,4.6,10.94,73.93,5.167,8.636
2024-05-27,34.11,11.719,13.278,91.86,1.721,1.152,-11.078,17.102,0.55,18.241,19.111,119.016,16.22,95.7,6.05,10.7,78.87,2.947,0.254
2024-05-28,143.953,72.969,11.93,75.569,1.899,1.213,-13.785,15.749,1.767,17.139,18.152,119.331,16.06,85.8,5.5,9.52,58.76,12.438,0.0
2024-05-29,206.311,97.17,14.299,61.563,1.627,0.63,-11.998,16.068,2.342,16.78,17.595,119.074,22.31,83.9,5.95,8.33,30.64,17.825,0.0
2024-05-30,203.326,92.667,18.142,55.949,1.608,0.681,-6.926,17.398,2.327,17.406,17.909,118.861,26.31,81.9,5.75,9.76,39.26,17.567,0.0
2024-05-31,201.874,80.308,20.32,51.802,2.779,1.5,-4.362,18.887,2.3,18.406,18.716,118.725,27.93,67.73,8.55,14.92,34.98,17.442,0.0
2024-06-01,202.727,83.937,22.287,45.84,3.218,1.77,-2.967,19.794,2.272,19.115,19.37,118.606,30.11,64.18,7.8,16.51,27.61,17.516,0.0
2024-06-02,180.314,82.016,23.973,46.824,2.617,1.485,-0.203,21.065,2.081,20.081,20.183,118.431,31.41,61.18,6.55,18.89,26.62,15.579,0.0
2024-06-03,155.959,78.829,24.319,50.629,1.108,0.5,0.853,21.743,1.911,20.85,20.934,118.878,32.17,69.85,4.15,18.41,28.82,13.475,0.0
2024-06-04,197.201,88.047,23.851,45.881,2.377,1.157,-3.693,20.936,2.221,20.408,20.707,118.631,30.11,65.5,7.4,18.03,27.3,17.038,0.0
2024-06-05,188.011,81.126,23.291,53.936,2.641,1.374,-1.798,21.532,2.134,20.681,20.846,118.616,29.78,72.2,8.3,18.41,30.43,16.244,0.0
2024-06-06,273.732,140.84,23.484,54.563,2.88,1.606,-1.345,22.008,3.15,20.383,20.496,118.569,31.03,69.2,7.75,19.17,30.76,14.042,0.0
